ticker,cluster
AAOI,1
AAPL,1
ACIW,1
ADBE,1
ADI,1
ADP,1
ADSK,1
ADTN,1
AEIS,1
AGYS,1
AI,1
AIFF,1
AIP,1
AISP,1
ALAB,1
ALGM,1
ALKT,1
ALRM,1
AMAT,1
AMBA,1
AMD,1
AMKR,1
AMPG,1
AMPL,1
AMSC,1
AMZN,1
ANET,1
AOSL,1
APH,1
API,1
APLD,1
APP,1
APPF,1
APPN,1
ARBE,1
ARM,1
ARQQ,1
ASAN,1
ASX,1
ATEN,1
ATEYY,1
ATHM,1
ATOM,1
AUDC,1
AUR,1
AUUD,1
AVGO,1
AVNW,1
AVPT,1
AXTI,1
BAND,1
BB,1
BBAI,1
BBBY,1
BE,1
BEEM,1
BHE,1
BIDU,1
BILI,1
BILL,1
BKSY,1
BL,1
BLDP,1
BLIN,1
BLKB,1
BLND,1
BLZE,1
BMBL,1
BMR,1
BOX,1
BRZE,1
BSY,1
BZ,1
BZAI,1
BZUN,1
CACI,1
CARG,1
CARS,1
CCC,1
CCSI,1
CDLX,1
CDNS,1
CDW,1
CERT,1
CEVA,1
CFLT,1
CGNT,1
CHKP,1
CHWY,1
CIEN,1
CLBT,1
CLFD,1
CLS,1
CLVT,1
CMBM,1
CMCM,1
CMRC,1
CMTL,1
CNXN,1
COUR,1
CPNG,1
CRDO,1
CRKN,1
CRM,1
CRNC,1
CRNT,1
CRSR,1
CRUS,1
CRWD,1
CSCO,1
CSGS,1
CSIQ,1
CTLP,1
CTS,1
CTSH,1
CVLT,1
CWAN,1
CXAI,1
CXM,1
CYBR,1
CYN,0
DAVA,1
DBD,1
DBX,1
DCBO,1
DDD,1
DDL,1
DDOG,1
DELL,1
DGII,1
DH,1
DIOD,1
DJT,1
DMRC,1
DOCN,1
DOCS,1
DOCU,1
DOMO,1
DOX,1
DOYU,1
DQ,1
DSGX,1
DSP,1
DT,1
DUOL,1
DV,1
DXC,1
EA,1
EAF,1
EB,1
ECX,1
EGHT,1
ENPH,1
EPAM,1
ERIC,1
ESE,1
ESTC,1
EVCM,1
EVER,1
EVLV,1
EVTC,1
EXFY,1
EXTR,1
FA,1
FCEL,1
FDS,1
FELE,1
FFIV,1
FIVN,1
FLEX,1
FLUT,1
FN,1
FORM,1
FROG,1
FRSH,1
FRSX,1
FSLR,1
FSLY,1
FTCI,1
FTNT,1
GCT,1
GDDY,1
GDRX,1
GDS,1
GDYN,1
GEN,1
GFS,1
GILT,1
GLBE,1
GLOB,1
GNRC,1
GNS,1
GOOGL,1
GRND,1
GRRR,1
GRVY,1
GSIT,1
GTLB,1
GTM,1
GWRE,1
GXAI,1
HCAT,1
HCTI,1
HEPS,1
HIMX,1
HLIT,1
HNST,1
HOLO,1
HOUR,1
HPE,1
HPQ,1
HSTM,1
HUBB,1
HUBC,1
HUBS,1
HUYA,1
IAC,1
IBM,1
ICHR,1
IFNNY,1
IMMR,1
INDI,1
INFY,1
INOD,1
INSG,1
INTA,1
INTC,1
INTU,1
IONQ,1
IOT,1
IPGP,1
JBL,1
JKHY,1
JKS,1
JMIA,1
JOYY,1
KC,1
KD,1
KLIC,1
KOPN,1
KSCP,1
KULR,1
KVYO,1
LAES,1
LASR,1
LAW,1
LDOS,1
LEDS,1
LIF,1
LITE,1
LOGC,1
LOGI,1
LPL,1
LPSN,1
LSCC,1
LSPD,1
LUXE,1
LYTHF,1
LZ,1
MANH,1
MAPS,1
MAXN,1
MBLY,1
MCHP,1
MDB,1
MEI,1
META,1
MGNI,1
MITK,1
MLGO,1
MNDR,1
MNDY,1
MOMO,1
MPWR,1
MQ,1
MRCY,1
MRVL,1
MSFT,1
MSGM,1
MSI,1
MSPR,1
MTC,1
MTCH,1
MTLS,1
MTSI,1
MU,1
MVIS,1
MX,1
MXL,1
NABL,1
NATL,1
NBIS,1
NCNO,1
NET,1
NEXN,1
NICE,1
NJDCY,1
NNDM,1
NOK,1
NOW,1
NPWR,1
NRDS,1
NSIT,1
NSSC,1
NTAP,1
NTCT,1
NTES,1
NTGR,1
NTNX,1
NVDA,1
NVNI,1
NVTS,1
NXDR,1
NXPI,1
NXTT,1
OKTA,1
OLED,1
OMCL,1
ON,1
ONDS,1
ONTF,1
OPRA,1
ORCL,1
ORKT,0
OS,1
OSIS,1
OSPN,1
OST,1
OTEX,1
PAGS,1
PANW,1
PAR,1
PATH,1
PAYC,1
PBI,1
PCOR,1
PCTY,1
PD,1
PDFS,1
PDYN,1
PEGA,1
PENG,1
PERI,1
PHUN,1
PI,1
PINS,1
PL,1
PLAB,1
PLTK,1
PLTR,1
PLUG,1
PLXS,1
POET,1
POWI,1
PRCH,1
PRGS,1
PSN,1
PSTG,1
PTC,1
PUBM,1
QBTS,1
QCOM,1
QLYS,1
QMCO,1
QRVO,1
QTWO,1
QUBT,1
QVCGA,1
RAMP,1
RBBN,1
RBLX,1
RBRK,1
RCAT,1
RDDT,1
RDNW,1
REKR,1
RGTI,1
RMBS,1
RNG,1
RPD,1
RUM,1
RVLV,1
RXT,1
RZLV,1
S,1
SABR,1
SAIC,1
SANM,1
SAP,1
SBET,1
SCKT,1
SEDG,1
SEGG,0
SEMR,1
SFIX,1
SGN,0
SHLS,1
SHOP,1
SIMO,1
SITM,1
SKIL,1
SKLZ,1
SKYT,1
SLAB,1
SLE,1
SLP,1
SMCI,1
SMRT,1
SMTC,1
SMWB,1
SNAP,1
SNCR,1
SNOW,1
SNPS,1
SOGP,1
SOHU,1
SOUN,1
SPSC,1
SPT,1
SRAD,1
SSM,1
SSNC,1
SST,1
SSTI,1
SSTK,1
SSYS,1
STM,1
STNE,1
STX,1
SVCO,1
SWKS,1
SY,1
SYNA,1
TASK,1
TBCH,1
TBLA,1
TBRG,1
TCX,1
TDC,1
TDUP,1
TE,1
TEAM,1
TEM,1
TENB,1
THR,1
TLS,1
TOST,1
TRIP,1
TRVG,1
TSEM,1
TSM,1
TTD,1
TTMI,1
TTWO,1
TUYA,1
TWLO,1
TXN,1
TYL,1
U,1
UBXG,1
UCTT,1
UI,1
UIS,1
UMAC,1
UMC,1
UPLD,1
UPWK,1
VEEV,1
VERI,1
VERX,1
VIAV,1
VICR,1
VIPS,1
VISL,1
VNET,1
VREX,1
VRNS,1
VRSK,1
VRSN,1
VRT,1
VSH,1
VTEX,1
VUZI,1
VYX,1
W,1
WATT,1
WAY,1
WB,1
WCT,1
WDAY,1
WDC,1
WEAV,1
WIMI,1
WIT,1
WIX,1
WK,1
WKEY,1
WLDS,1
WORX,1
WRD,1
WWD,1
XNET,1
XPER,1
XRX,1
XTIA,1
XTKG,1
XYZ,1
YALA,1
YEXT,1
YMM,1
YOU,1
YYAI,1
ZENA,1
ZEPP,1
ZETA,1
ZIP,1
ZM,1
ZS,1
